REF_AREA,Reference area,TIME_PERIOD,PARLAMENTO,MINISTERIO
AUT,Austria,2023,"40,4",25
AUS,Australia,2023,"38,4","43,5"
CRI,Costa Rica,2023,"47,4","45,5"
COL,Colombia,2023,"28,9",50
CHL,Chile,2023,"35,5","58,3"
FRA,France,2023,"37,8","35,3"
FIN,Finland,2023,"45,5","64,3"
EST,Estonia,2023,"27,7","42,9"
LTU,Lithuania,2023,"28,4","42,9"
LVA,Latvia,2023,29,"42,9"
KOR,Korea,2023,"19,1","16,7"
JPN,Japan,2023,10,"8,3"
ITA,Italy,2023,"32,3","26,7"
ISR,Israel,2023,"24,2","12,5"
IRL,Ireland,2023,"23,1","23,1"
ISL,Iceland,2023,"47,6","41,7"
HUN,Hungary,2023,"13,1","9,1"
GRC,Greece,2023,21,"10,5"
DEU,Germany,2023,"35,1",50
NLD,Netherlands,2023,"40,7",50
MEX,Mexico,2023,50,"42,1"
LUX,Luxembourg,2023,35,"37,5"
DNK,Denmark,2023,"43,6","31,8"
CZE,Czechia,2023,26,"7,1"
ROU,Romania,2023,"19,1",10
HRV,Croatia,2023,"31,8",25
BGR,Bulgaria,2023,"24,2","15,8"
BRA,Brazil,2023,"17,7","36,7"
OECD_REP,OECD average country,2023,"33,83","35,7"
USA,United States,2023,"29,4","33,3"
GBR,United Kingdom,2023,"34,5","33,3"
TUR,Türkiye,2023,"17,4","5,9"
CHE,Switzerland,2023,"41,7","42,9"
SWE,Sweden,2023,"46,4","47,8"
ESP,Spain,2023,"42,4","63,6"
SVN,Slovenia,2023,"37,8","38,5"
SVK,Slovak Republic,2023,22,"14,3"
PRT,Portugal,2023,"36,1","41,2"
POL,Poland,2023,"28,3","17,6"
NOR,Norway,2023,"46,2",50
NZL,New Zealand,2023,50,45
CAN,Canada,2023,"30,7","48,6"
BEL,Belgium,2023,"42,7","57,1"
