STRUCTURE,STRUCTURE_ID,STRUCTURE_NAME,ACTION,FREQ,Frequency of observation,REF_AREA,Reference area,MEASURE,Measure,UNIT_MEASURE,Unit of measure,SECTOR,Institutional sector,EDITION,Edition,CATEGORY,Category,TIME_PERIOD,Time period,OBS_VALUE,Observation value,OBS_STATUS,Observation status,UNIT_MULT,Unit multiplier,PRICE_BASE,Price base,BASE_PER,Base period
DATAFLOW,OECD.GOV.GIP:DSD_GOV@DF_GOV_EMPPS_REP_2023(1.0),"Public employment and representation - Government at a glance indicators, 2023 edition",I,A,Annual,AUT,Austria,EMPW_CMIN,Gender equality in cabinet ministerial positions,PT_W,Percentage of women,_Z,Not applicable,2023,2023,EMPPS_REP,Public employment and representation,2023,,25,,A,Normal value,0,Units,_Z,Not applicable,,
DATAFLOW,OECD.GOV.GIP:DSD_GOV@DF_GOV_EMPPS_REP_2023(1.0),"Public employment and representation - Government at a glance indicators, 2023 edition",I,A,Annual,AUS,Australia,EMPW_CMIN,Gender equality in cabinet ministerial positions,PT_W,Percentage of women,_Z,Not applicable,2023,2023,EMPPS_REP,Public employment and representation,2023,,43.5,,A,Normal value,0,Units,_Z,Not applicable,,
DATAFLOW,OECD.GOV.GIP:DSD_GOV@DF_GOV_EMPPS_REP_2023(1.0),"Public employment and representation - Government at a glance indicators, 2023 edition",I,A,Annual,CRI,Costa Rica,EMPW_CMIN,Gender equality in cabinet ministerial positions,PT_W,Percentage of women,_Z,Not applicable,2023,2023,EMPPS_REP,Public employment and representation,2023,,45.5,,A,Normal value,0,Units,_Z,Not applicable,,
DATAFLOW,OECD.GOV.GIP:DSD_GOV@DF_GOV_EMPPS_REP_2023(1.0),"Public employment and representation - Government at a glance indicators, 2023 edition",I,A,Annual,COL,Colombia,EMPW_CMIN,Gender equality in cabinet ministerial positions,PT_W,Percentage of women,_Z,Not applicable,2023,2023,EMPPS_REP,Public employment and representation,2023,,50,,A,Normal value,0,Units,_Z,Not applicable,,
DATAFLOW,OECD.GOV.GIP:DSD_GOV@DF_GOV_EMPPS_REP_2023(1.0),"Public employment and representation - Government at a glance indicators, 2023 edition",I,A,Annual,CHL,Chile,EMPW_CMIN,Gender equality in cabinet ministerial positions,PT_W,Percentage of women,_Z,Not applicable,2023,2023,EMPPS_REP,Public employment and representation,2023,,58.3,,A,Normal value,0,Units,_Z,Not applicable,,
DATAFLOW,OECD.GOV.GIP:DSD_GOV@DF_GOV_EMPPS_REP_2023(1.0),"Public employment and representation - Government at a glance indicators, 2023 edition",I,A,Annual,FRA,France,EMPW_CMIN,Gender equality in cabinet ministerial positions,PT_W,Percentage of women,_Z,Not applicable,2023,2023,EMPPS_REP,Public employment and representation,2023,,35.3,,A,Normal value,0,Units,_Z,Not applicable,,
DATAFLOW,OECD.GOV.GIP:DSD_GOV@DF_GOV_EMPPS_REP_2023(1.0),"Public employment and representation - Government at a glance indicators, 2023 edition",I,A,Annual,FIN,Finland,EMPW_CMIN,Gender equality in cabinet ministerial positions,PT_W,Percentage of women,_Z,Not applicable,2023,2023,EMPPS_REP,Public employment and representation,2023,,64.3,,A,Normal value,0,Units,_Z,Not applicable,,
DATAFLOW,OECD.GOV.GIP:DSD_GOV@DF_GOV_EMPPS_REP_2023(1.0),"Public employment and representation - Government at a glance indicators, 2023 edition",I,A,Annual,EST,Estonia,EMPW_CMIN,Gender equality in cabinet ministerial positions,PT_W,Percentage of women,_Z,Not applicable,2023,2023,EMPPS_REP,Public employment and representation,2023,,42.9,,A,Normal value,0,Units,_Z,Not applicable,,
DATAFLOW,OECD.GOV.GIP:DSD_GOV@DF_GOV_EMPPS_REP_2023(1.0),"Public employment and representation - Government at a glance indicators, 2023 edition",I,A,Annual,LTU,Lithuania,EMPW_CMIN,Gender equality in cabinet ministerial positions,PT_W,Percentage of women,_Z,Not applicable,2023,2023,EMPPS_REP,Public employment and representation,2023,,42.9,,A,Normal value,0,Units,_Z,Not applicable,,
DATAFLOW,OECD.GOV.GIP:DSD_GOV@DF_GOV_EMPPS_REP_2023(1.0),"Public employment and representation - Government at a glance indicators, 2023 edition",I,A,Annual,LVA,Latvia,EMPW_CMIN,Gender equality in cabinet ministerial positions,PT_W,Percentage of women,_Z,Not applicable,2023,2023,EMPPS_REP,Public employment and representation,2023,,42.9,,A,Normal value,0,Units,_Z,Not applicable,,
DATAFLOW,OECD.GOV.GIP:DSD_GOV@DF_GOV_EMPPS_REP_2023(1.0),"Public employment and representation - Government at a glance indicators, 2023 edition",I,A,Annual,KOR,Korea,EMPW_CMIN,Gender equality in cabinet ministerial positions,PT_W,Percentage of women,_Z,Not applicable,2023,2023,EMPPS_REP,Public employment and representation,2023,,16.7,,A,Normal value,0,Units,_Z,Not applicable,,
DATAFLOW,OECD.GOV.GIP:DSD_GOV@DF_GOV_EMPPS_REP_2023(1.0),"Public employment and representation - Government at a glance indicators, 2023 edition",I,A,Annual,JPN,Japan,EMPW_CMIN,Gender equality in cabinet ministerial positions,PT_W,Percentage of women,_Z,Not applicable,2023,2023,EMPPS_REP,Public employment and representation,2023,,8.3,,A,Normal value,0,Units,_Z,Not applicable,,
DATAFLOW,OECD.GOV.GIP:DSD_GOV@DF_GOV_EMPPS_REP_2023(1.0),"Public employment and representation - Government at a glance indicators, 2023 edition",I,A,Annual,ITA,Italy,EMPW_CMIN,Gender equality in cabinet ministerial positions,PT_W,Percentage of women,_Z,Not applicable,2023,2023,EMPPS_REP,Public employment and representation,2023,,26.7,,A,Normal value,0,Units,_Z,Not applicable,,
DATAFLOW,OECD.GOV.GIP:DSD_GOV@DF_GOV_EMPPS_REP_2023(1.0),"Public employment and representation - Government at a glance indicators, 2023 edition",I,A,Annual,ISR,Israel,EMPW_CMIN,Gender equality in cabinet ministerial positions,PT_W,Percentage of women,_Z,Not applicable,2023,2023,EMPPS_REP,Public employment and representation,2023,,12.5,,A,Normal value,0,Units,_Z,Not applicable,,
DATAFLOW,OECD.GOV.GIP:DSD_GOV@DF_GOV_EMPPS_REP_2023(1.0),"Public employment and representation - Government at a glance indicators, 2023 edition",I,A,Annual,IRL,Ireland,EMPW_CMIN,Gender equality in cabinet ministerial positions,PT_W,Percentage of women,_Z,Not applicable,2023,2023,EMPPS_REP,Public employment and representation,2023,,23.1,,A,Normal value,0,Units,_Z,Not applicable,,
DATAFLOW,OECD.GOV.GIP:DSD_GOV@DF_GOV_EMPPS_REP_2023(1.0),"Public employment and representation - Government at a glance indicators, 2023 edition",I,A,Annual,ISL,Iceland,EMPW_CMIN,Gender equality in cabinet ministerial positions,PT_W,Percentage of women,_Z,Not applicable,2023,2023,EMPPS_REP,Public employment and representation,2023,,41.7,,A,Normal value,0,Units,_Z,Not applicable,,
DATAFLOW,OECD.GOV.GIP:DSD_GOV@DF_GOV_EMPPS_REP_2023(1.0),"Public employment and representation - Government at a glance indicators, 2023 edition",I,A,Annual,HUN,Hungary,EMPW_CMIN,Gender equality in cabinet ministerial positions,PT_W,Percentage of women,_Z,Not applicable,2023,2023,EMPPS_REP,Public employment and representation,2023,,9.1,,A,Normal value,0,Units,_Z,Not applicable,,
DATAFLOW,OECD.GOV.GIP:DSD_GOV@DF_GOV_EMPPS_REP_2023(1.0),"Public employment and representation - Government at a glance indicators, 2023 edition",I,A,Annual,GRC,Greece,EMPW_CMIN,Gender equality in cabinet ministerial positions,PT_W,Percentage of women,_Z,Not applicable,2023,2023,EMPPS_REP,Public employment and representation,2023,,10.5,,A,Normal value,0,Units,_Z,Not applicable,,
DATAFLOW,OECD.GOV.GIP:DSD_GOV@DF_GOV_EMPPS_REP_2023(1.0),"Public employment and representation - Government at a glance indicators, 2023 edition",I,A,Annual,DEU,Germany,EMPW_CMIN,Gender equality in cabinet ministerial positions,PT_W,Percentage of women,_Z,Not applicable,2023,2023,EMPPS_REP,Public employment and representation,2023,,50,,A,Normal value,0,Units,_Z,Not applicable,,
DATAFLOW,OECD.GOV.GIP:DSD_GOV@DF_GOV_EMPPS_REP_2023(1.0),"Public employment and representation - Government at a glance indicators, 2023 edition",I,A,Annual,NLD,Netherlands,EMPW_CMIN,Gender equality in cabinet ministerial positions,PT_W,Percentage of women,_Z,Not applicable,2023,2023,EMPPS_REP,Public employment and representation,2023,,50,,A,Normal value,0,Units,_Z,Not applicable,,
DATAFLOW,OECD.GOV.GIP:DSD_GOV@DF_GOV_EMPPS_REP_2023(1.0),"Public employment and representation - Government at a glance indicators, 2023 edition",I,A,Annual,MEX,Mexico,EMPW_CMIN,Gender equality in cabinet ministerial positions,PT_W,Percentage of women,_Z,Not applicable,2023,2023,EMPPS_REP,Public employment and representation,2023,,42.1,,A,Normal value,0,Units,_Z,Not applicable,,
DATAFLOW,OECD.GOV.GIP:DSD_GOV@DF_GOV_EMPPS_REP_2023(1.0),"Public employment and representation - Government at a glance indicators, 2023 edition",I,A,Annual,LUX,Luxembourg,EMPW_CMIN,Gender equality in cabinet ministerial positions,PT_W,Percentage of women,_Z,Not applicable,2023,2023,EMPPS_REP,Public employment and representation,2023,,37.5,,A,Normal value,0,Units,_Z,Not applicable,,
DATAFLOW,OECD.GOV.GIP:DSD_GOV@DF_GOV_EMPPS_REP_2023(1.0),"Public employment and representation - Government at a glance indicators, 2023 edition",I,A,Annual,DNK,Denmark,EMPW_CMIN,Gender equality in cabinet ministerial positions,PT_W,Percentage of women,_Z,Not applicable,2023,2023,EMPPS_REP,Public employment and representation,2023,,31.8,,A,Normal value,0,Units,_Z,Not applicable,,
DATAFLOW,OECD.GOV.GIP:DSD_GOV@DF_GOV_EMPPS_REP_2023(1.0),"Public employment and representation - Government at a glance indicators, 2023 edition",I,A,Annual,CZE,Czechia,EMPW_CMIN,Gender equality in cabinet ministerial positions,PT_W,Percentage of women,_Z,Not applicable,2023,2023,EMPPS_REP,Public employment and representation,2023,,7.1,,A,Normal value,0,Units,_Z,Not applicable,,
DATAFLOW,OECD.GOV.GIP:DSD_GOV@DF_GOV_EMPPS_REP_2023(1.0),"Public employment and representation - Government at a glance indicators, 2023 edition",I,A,Annual,ROU,Romania,EMPW_CMIN,Gender equality in cabinet ministerial positions,PT_W,Percentage of women,_Z,Not applicable,2023,2023,EMPPS_REP,Public employment and representation,2023,,10,,A,Normal value,0,Units,_Z,Not applicable,,
DATAFLOW,OECD.GOV.GIP:DSD_GOV@DF_GOV_EMPPS_REP_2023(1.0),"Public employment and representation - Government at a glance indicators, 2023 edition",I,A,Annual,HRV,Croatia,EMPW_CMIN,Gender equality in cabinet ministerial positions,PT_W,Percentage of women,_Z,Not applicable,2023,2023,EMPPS_REP,Public employment and representation,2023,,25,,A,Normal value,0,Units,_Z,Not applicable,,
DATAFLOW,OECD.GOV.GIP:DSD_GOV@DF_GOV_EMPPS_REP_2023(1.0),"Public employment and representation - Government at a glance indicators, 2023 edition",I,A,Annual,BGR,Bulgaria,EMPW_CMIN,Gender equality in cabinet ministerial positions,PT_W,Percentage of women,_Z,Not applicable,2023,2023,EMPPS_REP,Public employment and representation,2023,,15.8,,A,Normal value,0,Units,_Z,Not applicable,,
DATAFLOW,OECD.GOV.GIP:DSD_GOV@DF_GOV_EMPPS_REP_2023(1.0),"Public employment and representation - Government at a glance indicators, 2023 edition",I,A,Annual,BRA,Brazil,EMPW_CMIN,Gender equality in cabinet ministerial positions,PT_W,Percentage of women,_Z,Not applicable,2023,2023,EMPPS_REP,Public employment and representation,2023,,36.7,,A,Normal value,0,Units,_Z,Not applicable,,
DATAFLOW,OECD.GOV.GIP:DSD_GOV@DF_GOV_EMPPS_REP_2023(1.0),"Public employment and representation - Government at a glance indicators, 2023 edition",I,A,Annual,OECD_REP,OECD average country,EMPW_CMIN,Gender equality in cabinet ministerial positions,PT_W,Percentage of women,_Z,Not applicable,2023,2023,EMPPS_REP,Public employment and representation,2023,,35.7,,A,Normal value,0,Units,_Z,Not applicable,,
DATAFLOW,OECD.GOV.GIP:DSD_GOV@DF_GOV_EMPPS_REP_2023(1.0),"Public employment and representation - Government at a glance indicators, 2023 edition",I,A,Annual,USA,United States,EMPW_CMIN,Gender equality in cabinet ministerial positions,PT_W,Percentage of women,_Z,Not applicable,2023,2023,EMPPS_REP,Public employment and representation,2023,,33.3,,A,Normal value,0,Units,_Z,Not applicable,,
DATAFLOW,OECD.GOV.GIP:DSD_GOV@DF_GOV_EMPPS_REP_2023(1.0),"Public employment and representation - Government at a glance indicators, 2023 edition",I,A,Annual,GBR,United Kingdom,EMPW_CMIN,Gender equality in cabinet ministerial positions,PT_W,Percentage of women,_Z,Not applicable,2023,2023,EMPPS_REP,Public employment and representation,2023,,33.3,,A,Normal value,0,Units,_Z,Not applicable,,
DATAFLOW,OECD.GOV.GIP:DSD_GOV@DF_GOV_EMPPS_REP_2023(1.0),"Public employment and representation - Government at a glance indicators, 2023 edition",I,A,Annual,TUR,Türkiye,EMPW_CMIN,Gender equality in cabinet ministerial positions,PT_W,Percentage of women,_Z,Not applicable,2023,2023,EMPPS_REP,Public employment and representation,2023,,5.9,,A,Normal value,0,Units,_Z,Not applicable,,
DATAFLOW,OECD.GOV.GIP:DSD_GOV@DF_GOV_EMPPS_REP_2023(1.0),"Public employment and representation - Government at a glance indicators, 2023 edition",I,A,Annual,CHE,Switzerland,EMPW_CMIN,Gender equality in cabinet ministerial positions,PT_W,Percentage of women,_Z,Not applicable,2023,2023,EMPPS_REP,Public employment and representation,2023,,42.9,,A,Normal value,0,Units,_Z,Not applicable,,
DATAFLOW,OECD.GOV.GIP:DSD_GOV@DF_GOV_EMPPS_REP_2023(1.0),"Public employment and representation - Government at a glance indicators, 2023 edition",I,A,Annual,SWE,Sweden,EMPW_CMIN,Gender equality in cabinet ministerial positions,PT_W,Percentage of women,_Z,Not applicable,2023,2023,EMPPS_REP,Public employment and representation,2023,,47.8,,A,Normal value,0,Units,_Z,Not applicable,,
DATAFLOW,OECD.GOV.GIP:DSD_GOV@DF_GOV_EMPPS_REP_2023(1.0),"Public employment and representation - Government at a glance indicators, 2023 edition",I,A,Annual,ESP,Spain,EMPW_CMIN,Gender equality in cabinet ministerial positions,PT_W,Percentage of women,_Z,Not applicable,2023,2023,EMPPS_REP,Public employment and representation,2023,,63.6,,A,Normal value,0,Units,_Z,Not applicable,,
DATAFLOW,OECD.GOV.GIP:DSD_GOV@DF_GOV_EMPPS_REP_2023(1.0),"Public employment and representation - Government at a glance indicators, 2023 edition",I,A,Annual,SVN,Slovenia,EMPW_CMIN,Gender equality in cabinet ministerial positions,PT_W,Percentage of women,_Z,Not applicable,2023,2023,EMPPS_REP,Public employment and representation,2023,,38.5,,A,Normal value,0,Units,_Z,Not applicable,,
DATAFLOW,OECD.GOV.GIP:DSD_GOV@DF_GOV_EMPPS_REP_2023(1.0),"Public employment and representation - Government at a glance indicators, 2023 edition",I,A,Annual,SVK,Slovak Republic,EMPW_CMIN,Gender equality in cabinet ministerial positions,PT_W,Percentage of women,_Z,Not applicable,2023,2023,EMPPS_REP,Public employment and representation,2023,,14.3,,A,Normal value,0,Units,_Z,Not applicable,,
DATAFLOW,OECD.GOV.GIP:DSD_GOV@DF_GOV_EMPPS_REP_2023(1.0),"Public employment and representation - Government at a glance indicators, 2023 edition",I,A,Annual,PRT,Portugal,EMPW_CMIN,Gender equality in cabinet ministerial positions,PT_W,Percentage of women,_Z,Not applicable,2023,2023,EMPPS_REP,Public employment and representation,2023,,41.2,,A,Normal value,0,Units,_Z,Not applicable,,
DATAFLOW,OECD.GOV.GIP:DSD_GOV@DF_GOV_EMPPS_REP_2023(1.0),"Public employment and representation - Government at a glance indicators, 2023 edition",I,A,Annual,POL,Poland,EMPW_CMIN,Gender equality in cabinet ministerial positions,PT_W,Percentage of women,_Z,Not applicable,2023,2023,EMPPS_REP,Public employment and representation,2023,,17.6,,A,Normal value,0,Units,_Z,Not applicable,,
DATAFLOW,OECD.GOV.GIP:DSD_GOV@DF_GOV_EMPPS_REP_2023(1.0),"Public employment and representation - Government at a glance indicators, 2023 edition",I,A,Annual,NOR,Norway,EMPW_CMIN,Gender equality in cabinet ministerial positions,PT_W,Percentage of women,_Z,Not applicable,2023,2023,EMPPS_REP,Public employment and representation,2023,,50,,A,Normal value,0,Units,_Z,Not applicable,,
DATAFLOW,OECD.GOV.GIP:DSD_GOV@DF_GOV_EMPPS_REP_2023(1.0),"Public employment and representation - Government at a glance indicators, 2023 edition",I,A,Annual,NZL,New Zealand,EMPW_CMIN,Gender equality in cabinet ministerial positions,PT_W,Percentage of women,_Z,Not applicable,2023,2023,EMPPS_REP,Public employment and representation,2023,,45,,A,Normal value,0,Units,_Z,Not applicable,,
DATAFLOW,OECD.GOV.GIP:DSD_GOV@DF_GOV_EMPPS_REP_2023(1.0),"Public employment and representation - Government at a glance indicators, 2023 edition",I,A,Annual,CAN,Canada,EMPW_CMIN,Gender equality in cabinet ministerial positions,PT_W,Percentage of women,_Z,Not applicable,2023,2023,EMPPS_REP,Public employment and representation,2023,,48.6,,A,Normal value,0,Units,_Z,Not applicable,,
DATAFLOW,OECD.GOV.GIP:DSD_GOV@DF_GOV_EMPPS_REP_2023(1.0),"Public employment and representation - Government at a glance indicators, 2023 edition",I,A,Annual,BEL,Belgium,EMPW_CMIN,Gender equality in cabinet ministerial positions,PT_W,Percentage of women,_Z,Not applicable,2023,2023,EMPPS_REP,Public employment and representation,2023,,57.1,,A,Normal value,0,Units,_Z,Not applicable,,
