STRUCTURE,STRUCTURE_ID,STRUCTURE_NAME,ACTION,FREQ,Frequency of observation,REF_AREA,Reference area,MEASURE,Measure,UNIT_MEASURE,Unit of measure,SECTOR,Institutional sector,EDITION,Edition,CATEGORY,Category,TIME_PERIOD,Time period,OBS_VALUE,Observation value,OBS_STATUS,Observation status,UNIT_MULT,Unit multiplier,PRICE_BASE,Price base,BASE_PER,Base period
DATAFLOW,OECD.GOV.GIP:DSD_GOV@DF_GOV_EMPPS_REP_2023(1.0),"Public employment and representation - Government at a glance indicators, 2023 edition",I,A,Annual,AUT,Austria,EMPW_PARL,Gender equality in parliament,PT_W,Percentage of women,_Z,Not applicable,2023,2023,EMPPS_REP,Public employment and representation,2023,,40.4,,A,Normal value,0,Units,_Z,Not applicable,,
DATAFLOW,OECD.GOV.GIP:DSD_GOV@DF_GOV_EMPPS_REP_2023(1.0),"Public employment and representation - Government at a glance indicators, 2023 edition",I,A,Annual,AUS,Australia,EMPW_PARL,Gender equality in parliament,PT_W,Percentage of women,_Z,Not applicable,2023,2023,EMPPS_REP,Public employment and representation,2023,,38.4,,A,Normal value,0,Units,_Z,Not applicable,,
DATAFLOW,OECD.GOV.GIP:DSD_GOV@DF_GOV_EMPPS_REP_2023(1.0),"Public employment and representation - Government at a glance indicators, 2023 edition",I,A,Annual,CRI,Costa Rica,EMPW_PARL,Gender equality in parliament,PT_W,Percentage of women,_Z,Not applicable,2023,2023,EMPPS_REP,Public employment and representation,2023,,47.4,,A,Normal value,0,Units,_Z,Not applicable,,
DATAFLOW,OECD.GOV.GIP:DSD_GOV@DF_GOV_EMPPS_REP_2023(1.0),"Public employment and representation - Government at a glance indicators, 2023 edition",I,A,Annual,COL,Colombia,EMPW_PARL,Gender equality in parliament,PT_W,Percentage of women,_Z,Not applicable,2023,2023,EMPPS_REP,Public employment and representation,2023,,28.9,,A,Normal value,0,Units,_Z,Not applicable,,
DATAFLOW,OECD.GOV.GIP:DSD_GOV@DF_GOV_EMPPS_REP_2023(1.0),"Public employment and representation - Government at a glance indicators, 2023 edition",I,A,Annual,CHL,Chile,EMPW_PARL,Gender equality in parliament,PT_W,Percentage of women,_Z,Not applicable,2023,2023,EMPPS_REP,Public employment and representation,2023,,35.5,,A,Normal value,0,Units,_Z,Not applicable,,
DATAFLOW,OECD.GOV.GIP:DSD_GOV@DF_GOV_EMPPS_REP_2023(1.0),"Public employment and representation - Government at a glance indicators, 2023 edition",I,A,Annual,FRA,France,EMPW_PARL,Gender equality in parliament,PT_W,Percentage of women,_Z,Not applicable,2023,2023,EMPPS_REP,Public employment and representation,2023,,37.8,,A,Normal value,0,Units,_Z,Not applicable,,
DATAFLOW,OECD.GOV.GIP:DSD_GOV@DF_GOV_EMPPS_REP_2023(1.0),"Public employment and representation - Government at a glance indicators, 2023 edition",I,A,Annual,FIN,Finland,EMPW_PARL,Gender equality in parliament,PT_W,Percentage of women,_Z,Not applicable,2023,2023,EMPPS_REP,Public employment and representation,2023,,45.5,,A,Normal value,0,Units,_Z,Not applicable,,
DATAFLOW,OECD.GOV.GIP:DSD_GOV@DF_GOV_EMPPS_REP_2023(1.0),"Public employment and representation - Government at a glance indicators, 2023 edition",I,A,Annual,EST,Estonia,EMPW_PARL,Gender equality in parliament,PT_W,Percentage of women,_Z,Not applicable,2023,2023,EMPPS_REP,Public employment and representation,2023,,27.7,,A,Normal value,0,Units,_Z,Not applicable,,
DATAFLOW,OECD.GOV.GIP:DSD_GOV@DF_GOV_EMPPS_REP_2023(1.0),"Public employment and representation - Government at a glance indicators, 2023 edition",I,A,Annual,LTU,Lithuania,EMPW_PARL,Gender equality in parliament,PT_W,Percentage of women,_Z,Not applicable,2023,2023,EMPPS_REP,Public employment and representation,2023,,28.4,,A,Normal value,0,Units,_Z,Not applicable,,
DATAFLOW,OECD.GOV.GIP:DSD_GOV@DF_GOV_EMPPS_REP_2023(1.0),"Public employment and representation - Government at a glance indicators, 2023 edition",I,A,Annual,LVA,Latvia,EMPW_PARL,Gender equality in parliament,PT_W,Percentage of women,_Z,Not applicable,2023,2023,EMPPS_REP,Public employment and representation,2023,,29,,A,Normal value,0,Units,_Z,Not applicable,,
DATAFLOW,OECD.GOV.GIP:DSD_GOV@DF_GOV_EMPPS_REP_2023(1.0),"Public employment and representation - Government at a glance indicators, 2023 edition",I,A,Annual,KOR,Korea,EMPW_PARL,Gender equality in parliament,PT_W,Percentage of women,_Z,Not applicable,2023,2023,EMPPS_REP,Public employment and representation,2023,,19.1,,A,Normal value,0,Units,_Z,Not applicable,,
DATAFLOW,OECD.GOV.GIP:DSD_GOV@DF_GOV_EMPPS_REP_2023(1.0),"Public employment and representation - Government at a glance indicators, 2023 edition",I,A,Annual,JPN,Japan,EMPW_PARL,Gender equality in parliament,PT_W,Percentage of women,_Z,Not applicable,2023,2023,EMPPS_REP,Public employment and representation,2023,,10,,A,Normal value,0,Units,_Z,Not applicable,,
DATAFLOW,OECD.GOV.GIP:DSD_GOV@DF_GOV_EMPPS_REP_2023(1.0),"Public employment and representation - Government at a glance indicators, 2023 edition",I,A,Annual,ITA,Italy,EMPW_PARL,Gender equality in parliament,PT_W,Percentage of women,_Z,Not applicable,2023,2023,EMPPS_REP,Public employment and representation,2023,,32.3,,A,Normal value,0,Units,_Z,Not applicable,,
DATAFLOW,OECD.GOV.GIP:DSD_GOV@DF_GOV_EMPPS_REP_2023(1.0),"Public employment and representation - Government at a glance indicators, 2023 edition",I,A,Annual,ISR,Israel,EMPW_PARL,Gender equality in parliament,PT_W,Percentage of women,_Z,Not applicable,2023,2023,EMPPS_REP,Public employment and representation,2023,,24.2,,A,Normal value,0,Units,_Z,Not applicable,,
DATAFLOW,OECD.GOV.GIP:DSD_GOV@DF_GOV_EMPPS_REP_2023(1.0),"Public employment and representation - Government at a glance indicators, 2023 edition",I,A,Annual,IRL,Ireland,EMPW_PARL,Gender equality in parliament,PT_W,Percentage of women,_Z,Not applicable,2023,2023,EMPPS_REP,Public employment and representation,2023,,23.1,,A,Normal value,0,Units,_Z,Not applicable,,
DATAFLOW,OECD.GOV.GIP:DSD_GOV@DF_GOV_EMPPS_REP_2023(1.0),"Public employment and representation - Government at a glance indicators, 2023 edition",I,A,Annual,ISL,Iceland,EMPW_PARL,Gender equality in parliament,PT_W,Percentage of women,_Z,Not applicable,2023,2023,EMPPS_REP,Public employment and representation,2023,,47.6,,A,Normal value,0,Units,_Z,Not applicable,,
DATAFLOW,OECD.GOV.GIP:DSD_GOV@DF_GOV_EMPPS_REP_2023(1.0),"Public employment and representation - Government at a glance indicators, 2023 edition",I,A,Annual,HUN,Hungary,EMPW_PARL,Gender equality in parliament,PT_W,Percentage of women,_Z,Not applicable,2023,2023,EMPPS_REP,Public employment and representation,2023,,13.1,,A,Normal value,0,Units,_Z,Not applicable,,
DATAFLOW,OECD.GOV.GIP:DSD_GOV@DF_GOV_EMPPS_REP_2023(1.0),"Public employment and representation - Government at a glance indicators, 2023 edition",I,A,Annual,GRC,Greece,EMPW_PARL,Gender equality in parliament,PT_W,Percentage of women,_Z,Not applicable,2023,2023,EMPPS_REP,Public employment and representation,2023,,21,,A,Normal value,0,Units,_Z,Not applicable,,
DATAFLOW,OECD.GOV.GIP:DSD_GOV@DF_GOV_EMPPS_REP_2023(1.0),"Public employment and representation - Government at a glance indicators, 2023 edition",I,A,Annual,DEU,Germany,EMPW_PARL,Gender equality in parliament,PT_W,Percentage of women,_Z,Not applicable,2023,2023,EMPPS_REP,Public employment and representation,2023,,35.1,,A,Normal value,0,Units,_Z,Not applicable,,
DATAFLOW,OECD.GOV.GIP:DSD_GOV@DF_GOV_EMPPS_REP_2023(1.0),"Public employment and representation - Government at a glance indicators, 2023 edition",I,A,Annual,NLD,Netherlands,EMPW_PARL,Gender equality in parliament,PT_W,Percentage of women,_Z,Not applicable,2023,2023,EMPPS_REP,Public employment and representation,2023,,40.7,,A,Normal value,0,Units,_Z,Not applicable,,
DATAFLOW,OECD.GOV.GIP:DSD_GOV@DF_GOV_EMPPS_REP_2023(1.0),"Public employment and representation - Government at a glance indicators, 2023 edition",I,A,Annual,MEX,Mexico,EMPW_PARL,Gender equality in parliament,PT_W,Percentage of women,_Z,Not applicable,2023,2023,EMPPS_REP,Public employment and representation,2023,,50,,A,Normal value,0,Units,_Z,Not applicable,,
DATAFLOW,OECD.GOV.GIP:DSD_GOV@DF_GOV_EMPPS_REP_2023(1.0),"Public employment and representation - Government at a glance indicators, 2023 edition",I,A,Annual,LUX,Luxembourg,EMPW_PARL,Gender equality in parliament,PT_W,Percentage of women,_Z,Not applicable,2023,2023,EMPPS_REP,Public employment and representation,2023,,35,,A,Normal value,0,Units,_Z,Not applicable,,
DATAFLOW,OECD.GOV.GIP:DSD_GOV@DF_GOV_EMPPS_REP_2023(1.0),"Public employment and representation - Government at a glance indicators, 2023 edition",I,A,Annual,DNK,Denmark,EMPW_PARL,Gender equality in parliament,PT_W,Percentage of women,_Z,Not applicable,2023,2023,EMPPS_REP,Public employment and representation,2023,,43.6,,A,Normal value,0,Units,_Z,Not applicable,,
DATAFLOW,OECD.GOV.GIP:DSD_GOV@DF_GOV_EMPPS_REP_2023(1.0),"Public employment and representation - Government at a glance indicators, 2023 edition",I,A,Annual,CZE,Czechia,EMPW_PARL,Gender equality in parliament,PT_W,Percentage of women,_Z,Not applicable,2023,2023,EMPPS_REP,Public employment and representation,2023,,26,,A,Normal value,0,Units,_Z,Not applicable,,
DATAFLOW,OECD.GOV.GIP:DSD_GOV@DF_GOV_EMPPS_REP_2023(1.0),"Public employment and representation - Government at a glance indicators, 2023 edition",I,A,Annual,ROU,Romania,EMPW_PARL,Gender equality in parliament,PT_W,Percentage of women,_Z,Not applicable,2023,2023,EMPPS_REP,Public employment and representation,2023,,19.1,,A,Normal value,0,Units,_Z,Not applicable,,
DATAFLOW,OECD.GOV.GIP:DSD_GOV@DF_GOV_EMPPS_REP_2023(1.0),"Public employment and representation - Government at a glance indicators, 2023 edition",I,A,Annual,HRV,Croatia,EMPW_PARL,Gender equality in parliament,PT_W,Percentage of women,_Z,Not applicable,2023,2023,EMPPS_REP,Public employment and representation,2023,,31.8,,A,Normal value,0,Units,_Z,Not applicable,,
DATAFLOW,OECD.GOV.GIP:DSD_GOV@DF_GOV_EMPPS_REP_2023(1.0),"Public employment and representation - Government at a glance indicators, 2023 edition",I,A,Annual,BGR,Bulgaria,EMPW_PARL,Gender equality in parliament,PT_W,Percentage of women,_Z,Not applicable,2023,2023,EMPPS_REP,Public employment and representation,2023,,24.2,,A,Normal value,0,Units,_Z,Not applicable,,
DATAFLOW,OECD.GOV.GIP:DSD_GOV@DF_GOV_EMPPS_REP_2023(1.0),"Public employment and representation - Government at a glance indicators, 2023 edition",I,A,Annual,BRA,Brazil,EMPW_PARL,Gender equality in parliament,PT_W,Percentage of women,_Z,Not applicable,2023,2023,EMPPS_REP,Public employment and representation,2023,,17.7,,A,Normal value,0,Units,_Z,Not applicable,,
DATAFLOW,OECD.GOV.GIP:DSD_GOV@DF_GOV_EMPPS_REP_2023(1.0),"Public employment and representation - Government at a glance indicators, 2023 edition",I,A,Annual,OECD_REP,OECD average country,EMPW_PARL,Gender equality in parliament,PT_W,Percentage of women,_Z,Not applicable,2023,2023,EMPPS_REP,Public employment and representation,2023,,33.83,,A,Normal value,0,Units,_Z,Not applicable,,
DATAFLOW,OECD.GOV.GIP:DSD_GOV@DF_GOV_EMPPS_REP_2023(1.0),"Public employment and representation - Government at a glance indicators, 2023 edition",I,A,Annual,USA,United States,EMPW_PARL,Gender equality in parliament,PT_W,Percentage of women,_Z,Not applicable,2023,2023,EMPPS_REP,Public employment and representation,2023,,29.4,,A,Normal value,0,Units,_Z,Not applicable,,
DATAFLOW,OECD.GOV.GIP:DSD_GOV@DF_GOV_EMPPS_REP_2023(1.0),"Public employment and representation - Government at a glance indicators, 2023 edition",I,A,Annual,GBR,United Kingdom,EMPW_PARL,Gender equality in parliament,PT_W,Percentage of women,_Z,Not applicable,2023,2023,EMPPS_REP,Public employment and representation,2023,,34.5,,A,Normal value,0,Units,_Z,Not applicable,,
DATAFLOW,OECD.GOV.GIP:DSD_GOV@DF_GOV_EMPPS_REP_2023(1.0),"Public employment and representation - Government at a glance indicators, 2023 edition",I,A,Annual,TUR,Türkiye,EMPW_PARL,Gender equality in parliament,PT_W,Percentage of women,_Z,Not applicable,2023,2023,EMPPS_REP,Public employment and representation,2023,,17.4,,A,Normal value,0,Units,_Z,Not applicable,,
DATAFLOW,OECD.GOV.GIP:DSD_GOV@DF_GOV_EMPPS_REP_2023(1.0),"Public employment and representation - Government at a glance indicators, 2023 edition",I,A,Annual,CHE,Switzerland,EMPW_PARL,Gender equality in parliament,PT_W,Percentage of women,_Z,Not applicable,2023,2023,EMPPS_REP,Public employment and representation,2023,,41.7,,A,Normal value,0,Units,_Z,Not applicable,,
DATAFLOW,OECD.GOV.GIP:DSD_GOV@DF_GOV_EMPPS_REP_2023(1.0),"Public employment and representation - Government at a glance indicators, 2023 edition",I,A,Annual,SWE,Sweden,EMPW_PARL,Gender equality in parliament,PT_W,Percentage of women,_Z,Not applicable,2023,2023,EMPPS_REP,Public employment and representation,2023,,46.4,,A,Normal value,0,Units,_Z,Not applicable,,
DATAFLOW,OECD.GOV.GIP:DSD_GOV@DF_GOV_EMPPS_REP_2023(1.0),"Public employment and representation - Government at a glance indicators, 2023 edition",I,A,Annual,ESP,Spain,EMPW_PARL,Gender equality in parliament,PT_W,Percentage of women,_Z,Not applicable,2023,2023,EMPPS_REP,Public employment and representation,2023,,42.4,,A,Normal value,0,Units,_Z,Not applicable,,
DATAFLOW,OECD.GOV.GIP:DSD_GOV@DF_GOV_EMPPS_REP_2023(1.0),"Public employment and representation - Government at a glance indicators, 2023 edition",I,A,Annual,SVN,Slovenia,EMPW_PARL,Gender equality in parliament,PT_W,Percentage of women,_Z,Not applicable,2023,2023,EMPPS_REP,Public employment and representation,2023,,37.8,,A,Normal value,0,Units,_Z,Not applicable,,
DATAFLOW,OECD.GOV.GIP:DSD_GOV@DF_GOV_EMPPS_REP_2023(1.0),"Public employment and representation - Government at a glance indicators, 2023 edition",I,A,Annual,SVK,Slovak Republic,EMPW_PARL,Gender equality in parliament,PT_W,Percentage of women,_Z,Not applicable,2023,2023,EMPPS_REP,Public employment and representation,2023,,22,,A,Normal value,0,Units,_Z,Not applicable,,
DATAFLOW,OECD.GOV.GIP:DSD_GOV@DF_GOV_EMPPS_REP_2023(1.0),"Public employment and representation - Government at a glance indicators, 2023 edition",I,A,Annual,PRT,Portugal,EMPW_PARL,Gender equality in parliament,PT_W,Percentage of women,_Z,Not applicable,2023,2023,EMPPS_REP,Public employment and representation,2023,,36.1,,A,Normal value,0,Units,_Z,Not applicable,,
DATAFLOW,OECD.GOV.GIP:DSD_GOV@DF_GOV_EMPPS_REP_2023(1.0),"Public employment and representation - Government at a glance indicators, 2023 edition",I,A,Annual,POL,Poland,EMPW_PARL,Gender equality in parliament,PT_W,Percentage of women,_Z,Not applicable,2023,2023,EMPPS_REP,Public employment and representation,2023,,28.3,,A,Normal value,0,Units,_Z,Not applicable,,
DATAFLOW,OECD.GOV.GIP:DSD_GOV@DF_GOV_EMPPS_REP_2023(1.0),"Public employment and representation - Government at a glance indicators, 2023 edition",I,A,Annual,NOR,Norway,EMPW_PARL,Gender equality in parliament,PT_W,Percentage of women,_Z,Not applicable,2023,2023,EMPPS_REP,Public employment and representation,2023,,46.2,,A,Normal value,0,Units,_Z,Not applicable,,
DATAFLOW,OECD.GOV.GIP:DSD_GOV@DF_GOV_EMPPS_REP_2023(1.0),"Public employment and representation - Government at a glance indicators, 2023 edition",I,A,Annual,NZL,New Zealand,EMPW_PARL,Gender equality in parliament,PT_W,Percentage of women,_Z,Not applicable,2023,2023,EMPPS_REP,Public employment and representation,2023,,50,,A,Normal value,0,Units,_Z,Not applicable,,
DATAFLOW,OECD.GOV.GIP:DSD_GOV@DF_GOV_EMPPS_REP_2023(1.0),"Public employment and representation - Government at a glance indicators, 2023 edition",I,A,Annual,CAN,Canada,EMPW_PARL,Gender equality in parliament,PT_W,Percentage of women,_Z,Not applicable,2023,2023,EMPPS_REP,Public employment and representation,2023,,30.7,,A,Normal value,0,Units,_Z,Not applicable,,
DATAFLOW,OECD.GOV.GIP:DSD_GOV@DF_GOV_EMPPS_REP_2023(1.0),"Public employment and representation - Government at a glance indicators, 2023 edition",I,A,Annual,BEL,Belgium,EMPW_PARL,Gender equality in parliament,PT_W,Percentage of women,_Z,Not applicable,2023,2023,EMPPS_REP,Public employment and representation,2023,,42.7,,A,Normal value,0,Units,_Z,Not applicable,,
